Dagaare,Translation
n mengɛ,myself
maa mengɛ,"me, myself"
fo mengɛ,yourself
foo mengɛ,"you, yourself"
o mengɛ,him-/herself
onɔ mengɛ,"s/he, him-/herself"
te menne,ourselves
tenee menne,"we, ourselves"
yɛ menne,yourselves
yɛnee menne,"you, yourselves"
ba menne,themselves
bana menne,"they, themselves"
a menne,themselves (non-human)
ana menne,"they themselves" (non-human)
Nimirinayɔɔ la nimiri sane,An eye for an eye and tooth for a tooth
vɛŋ ka fo gaa mɛɛle ayi ne o,To go the extra mile
ka o de koɔ a neba niŋe eŋe a pɛge o nuuri,Wash your hands of the matter
"Ta ko bare boŋ naŋ e bonsoŋ, bee lɔɔ yɛ lɛpɛl-veɛlaa eŋ dobaare poɔ",To cast pearls before swine
"A soba na zaa naŋ ba taa yelbieri a yɛpoɔ, yɛ vɛŋ ka o de weɛ de kuurii za neŋ a pɔgo",To cast the first stone/People who live in glass houses must not throw stones
a nimiri zaŋnoo poɔ,In/By the twinkling of an eye
yɛ le la yi a nɔndeteroo sobiri poɔ,To fall from grace to grass
ta le a nakuoraa na noɔre naŋ nɛbrɛ a bombie,Do not muzzle out the ox that treads the grain
Tutaafaare maŋ saaŋ la eveɛle,Bad company ruins good morals
"Ka zɔŋ wa tagra zɔŋ, ba zaa bayi na laŋ le la a bɔg poɔ","If the blind lead the blind, both will fall in a pit"
Yiri na zaa naŋ poŋ kyaare ne o meŋɛ koŋ toɔ are,No city or house divided against itself will stand
Nensaala Bidɔɔ,The Son of man
A baroo saŋ mannoo,Signs of the times
Zimanee gogori anuu saŋ,The eleventh hour
"Nanyigiri die","Den of thieves"
"Peɛle eelɛ","Sounding your trumpet"
"Balaŋ naŋ voɔ a soɔ na bɔre wɛ la a soɔ eŋɛ","All who take the sword will perish by the sword"
"A kuuri na mɛmeɛrebɛ naŋ zagre, waa la a goŋgonaa zukuuri","The stone that the builders rejected, has become the cornerstone"
"Kyɛ a sobiri naŋ gɛrɛ a Nyɔvore zie ne a be dendɔree la bile","Straight and narrow"
"Neɛ bamaŋ de pɛmpaala a liiri ne kparekora","No man seweth a piece of new cloth on an old garment"
"Samaria Dɔɔvelaa","Good Samaritan"
"Voore O vooroŋ pare baara","Breathed His last/He gave up the ghost"
"Dire, nyuuro, a nyɛrɛ popeɛloŋ","Eat, drink and be merry"
"Nyɛrɛ a kyaane","See the light"
"Ta bale","Not lose heart"
"Yiri kaŋa zaa naŋ poŋ kyaare ne o meŋɛ na le la","Divided we fall"
"Tuo dagara","A cross you have to bear"
"Kaara lɛ nensaala naŋ waa kyɛ dire o sarɛɛ","Don’t judge by appearances"
"A soba na naŋ ba taa yelbieri zaa a yɛ poɔ, yɛ vɛŋ ka o de weɛ de kuurii za","Cast the first stone"
Dagaare,Translation
"Yɔ-ŋmaabo e la sukyiri bone","Circumcision of the heart"
"De fo nyɔvore ko","Risk your neck"
"A nimiri zaŋbo poɔ","Twinkling of an eye"
"Goɔ da kyɔge ma la","A thorn in the flesh"
"Ye le la yi a nɔndeteroo sobiri poɔ","Fall from grace"
"Bon na neɛ naŋ bore, onɔ la ka o na kyɛ","Whatever one sows, that will he reap"
"Bonso libie nɔmmo la a yelfaa eroŋ yaga piilu zie","The love of money is a root of all kinds of evil"
"Kŏɔnoɔ ane kŏɔtuo natŏɔ bullo yire la ziyenaa bee?…Can a fig tree bear olives, or a grapevine produce figs?","Does a spring pour forth from the same opening both fresh and salt water?…Can a fig tree bear olives, or a grapevine produce figs?"
"Bille mɛmɛrɛ poɔ","Wallowing in the mire"
"Baa maŋ leɛ di la o meŋɛ tiiri","The dog returns to his own vomit"
"Tuori","God speed"
"Ba waa maaroŋ bee toloŋ","Lukewarm"
"Poore bare","Spit out of"
"Nimiri na yɔɔ la nimiri sane, ka nyene, meŋ na yɔɔ la nyenee sane","An Eye for an eye, and a tooth for a tooth."
"…vɛŋ ka fo gaa mɛɛle ayi ne o","…go with him two (i.e. To go the extra mile)"
"…ka o de koɔ…a pɛge o nuuri…","...washed his hands of the matter"
"Ta ko bare boŋ naŋ e bonsoŋ, bee lɔɔ yɛ lɛpɛl-veɛlaa eŋ dobaare poɔ","Do not give dogs what is holy (=To cast pearls before swine KJV)"
"A soba na zaa naŋ ba taa yelbieri a yɛ poɔ, yɛ vɛŋ ka o de weɛ de kuurii zaneŋ a pɔgo","Be the first to throw a stone at."
"… a nimiri zaŋnoo poɔ…","In the twinkling of an eye"
"… yɛ le la yi a nɔndeteroo sobiri poɔ","Fallen away from grace. (To fall from grace)"
"…ta le a nakuoraa na noɔre naŋ nɛbrɛ a bombie","You shall not muzzle out an ox when it treads out the grain."
"Tutaafaare maŋ saaŋ la eveɛle.","Bad company ruins good morals."
"Baa maŋ leɛ di la o meŋɛ tiiri","The dog returns to its own vomit."
"Ka zɔŋ wa ta-gra zɔŋ, ba zaa bayi na laŋ le la a bɔg poɔ.","The blind leading the blind."
"Yiri na zaa naŋ poŋ kyaare ne o meŋɛ koŋ toɔ are.","A house divided against itself"
"Nensaala Bidɔɔ","The Son of man"
"A baroosaŋ mannoo","Signs of the times"
"Zimanee gogori anuu saŋ","The eleventh hour"
"Nanyigiri die(Nanyigi baa)","Den of thieves"
"Peɛle eelɛ (fara bara)","Sounding your trumpet"
"Balaŋ naŋ voɔ a soɔ na bɔrewɛ la a soɔ eŋɛ","He who lives by the sword dies by the sword."
"A kuuri na mɛmeɛrebɛ naŋ zagre, waa la a goŋgonaazukuuri","The stone which the builders rejected, the same became the head of the corner."
"Kyɛ a sobiri naŋ gɛrɛ a Nyɔvore zie ne a be dendɔre e la bile.","Straight and narrow."
"Dagaare","Translation"
"Neɛ ba maŋ de pɛmpaala a liiri ne kparekora.","No man seweth a piece of new cloth on an old garment."
"Samaria Dɔɔvelaa (Nensoŋ bie)","Good Samaritan"
"Voore O vooroŋ pare baara.","He gave up the ghost"
"Dire, nyuuro, a nyɛrɛ popeɛloŋ","Eat, drink and be merry"
"Nyɛrɛ a kyaane","See the light"
"Ta bale","Not lose heart"
"Yirikangzaanang pong kyaare ne o mengena le la","Divided we fall"
"Tuo dagara","A cross you have to bear"
"Kaara lɛ nensaala naŋ waa kyɛ dire o sarɛɛ","Don’t judge by appearances"
"A soba na naŋ ba taa yelbieri zaa a yɛ poɔ, yɛ vɛŋ ka o de weɛ de kuurii za...","Cast the first stone."
"Yɔ-ŋmaabo e la sukyiri bone.","Circumcision of the heart"
"De fo nyɔvore ko","Risk your neck"
"A nimiri zaŋbo poɔ","Twinkling of an eye"
"Goɔ da kyɔge ma la","A thorn in the flesh"
"Ye le la yi a nɔndeteroo sobiri poɔ","Fall from grace"
"Bon na neɛ naŋ bore, onɔ la ka o meŋ na kyɛ (Neɛ zaa waseɛroŋ maŋ o nuore).","Whatever a man soweth, that shall he also reap."
"Bonso libie nɔmmo la a yelfaa eroŋ yaga piilu zie.","The love of money is the root of all evil."
"Kŏɔnoɔ ane kŏɔtuo na tŏɔ bullo yire la ziyenaa bee? N yɔɔ mine, kaŋkaŋteɛ natŏɔ wɔŋ la ɔlevewɔmɔ bee? Ora na tŏɔ wɔŋ la kaŋkama?","Does a fountain send forth at the same place sweet water and bitter…Can a fig tree bear olive berries?"
"Dagaare","Translation"
"Bille mɛmɛrɛ poɔ","Wallowing in the mire."
"Tuori","God speed"
"Ba waa maaroŋ bee toloŋ","Lukewarm"
"Poore bare","Spew out"
"Dagaare","Translation"
"Bónè","Thing"
"lááné","worthless"
"Bón-lááné","A worthless thing"
"Bónè","Thing"
"léé","small"
"Bón- léé","A small thing"
"Bónè","Thing"
"páálà","new"
"Bón-páálà","New things"
"Bónè","Thing"
"mááróng","wet"
"Bón-mááróng","A wet thing"
"Bèbír","Day"
"sóng","good"
"Bèbí-sóng","Good day"
"nóɔ́rè","Mouth"
"fáá","bad"
"nɔ́-fáá","Rudeness"
"nóɔ́rè","Mouth"
"nòɔ́","sweet"
"nɔ́-nòɔ́","Convincing"
"dɔ́ɔ́","Man"
"léé","small"
"dɔ̀ɔ̀-léé","Small boy"
"néɛ̀","Person"
"fáá","bad"
"Néng-fáá","Bad person"
"Bìé","Child"
"fáá","bad"
"Bì-fáá","Bad child"
"Pììrí","Rock"
"fáá","bad"
"Pì-fáá","Bad rock"
"Kùùrí","Hoe"
"fáá","bad"
"Kù-fáá","Bad hoe"
"góɔ̀","Thorn"
"fáá","bad"
"Gó↑-fáá","Bad thorn"
"Póɔ̀","Stomach"
"fáá","bad"
"Pò-fáá","Wickedness"
"nʊ́ɔ́rɪ̀","Mouth"
"fáá","bad"
"nɔ́!-fáá","Bad mouth"
"Dòbáá","Pig"
"faa","bad"
"Dòbà-fáá","Bad pig"
"gbɛ́rɪ̀","Leg"
"fáá","bad"
"gbɛ́-!fáá","Ill luck"
"Báá","Dog"
"léé","small"
"Bà-leé","Puppy"
"Bàá","River"
"kpóǹg","big"
"Bà-kpóǹg","Large river"
"Báá","Dog"
"zèlé","tongue"
"Bà-zèlé","The tongue of a dog"
"Dagaare","Translation"
"Bèbírì","Day"
"tɔ̀ɔ̀ré","far"
"Bèbí-tɔ̀ɔ̀ré","A distant date"
"bɛ́ngɛ̀","Beans"
"kórɔ́","old"
"bɛ́ng-kórɔ́","Old beans"
"Bìé","Child"
"sòńg","good"
"Bì-sòńg","A good child"
"Bóɔ́","Goat"
"léé","small"
"Bò-léé","Little goat"
"Bóndìríì","Food"
"káráá","raw"
"bóndì-káráá","Raw food"
"Bónè","Thing"
"fáá","bad"
"Bón-fáá","A bad thing"
"Bónè","Thing"
"fẽ́e͂́","small"
"Bón-fẽ́e͂́","A small"
"Bónè","Thing"
"kyɛ́léé","half"
"Bón-kyɛ́léé","A half thing"
"Bónè","Thing"
"nòɔ̀","sweet"
"Bón-nòɔ̀","A sweet thing"
"Bónè","Thing"
"sààlàá","smooth"
"Bón-sààlàá","A smooth thing"
"Bónè","Thing"
"sààlóng","slippery"
"Bón-sààlóng","A slippery thing"
"Bónè","Thing"
"sáánà","strange"
"Bón-sáánà","A strange thing"
"Bónè","Thing"
"vèláà","good"
"Bón-vèláà","A good thing"
"Bónè","Thing"
"zèɛ̀","red"
"Bón-zèɛ̀","A red thing"
"Bónè","Thing"
"kṹṹ","dead"
"Bón-kṹṹ","A dead thing"
"Dã́ã̀","Drink"
"zèɛ̀","white"
"Dã́ã̀-zèɛ̀",
"Dàá","Stick"
"léé","small"
"Dà-léé","A dry twig"
"éngɛ́","Body"
"túò","bitter"
"Én-túò","Laziness"
"gbɛ́rɪ̀","Leg"
"vèlàá","good"
"gbɛ́-vèlàá","Good luck"
"kṍɔ͂́","Water"
"sóng","good"
"kɔ̀n-sóng","Holy water"
"Lìbírì","Money"
"pèláá","white"
"Lìbí-pèláá","Cowry"
"Mǎ","Mother"
"bílé","small"
"Mà-bílé","Maternal aunt"
"Néɛ̀","Person"
"pááláá","new"
"Néng-pááláá","A new person"
"Néɛ̀","Person"
"pèláà","white"
"Néng-pèláà","A white person"
"Néɛ̀","Person"
"fàà","bad"
"Nén-fàà","A bad person"
"Dagaare","Translation"
"Néɛ̀","Person"
"lááné","worthless"
"Nén-lááné","a worthless person"
"Néɛ̀","Person"
"sóng","good"
"Nén-sóng","a good person"
"Néɛ̀","Person"
"sɔ́gláá","black"
"Nén-sɔ́gláá","a black person"
"Nóɔ́rè","Mouth"
"làng","together"
"nɔ́-làng","unity"
"Núbìŕ","Finger"
"léé","small"
"Nú-bìléé","Little finger"
"Núbìrì","Finger"
"wóg̀","long"
"Núbi-wóg̀","long-fingered-ness (thief)"
"Póɔ̀","Stomach"
"vèláà","good"
"Pò-vèláá","sincere"
"Súúrí","Anger"
"tólóng","hot"
"Sù-tólóng","Quick tempered"
"Nímírì","Eye"
"zèɛ́","red"
"Nímí-zèɛ́","seriousness"
"Nímírì","Eye"
"tɔ́ɔ́ré","far"
"Nímí-tɔ́ɔ́ré","ahead"
"Nímírì","Eye"
"tììrúng","bitter"
"Nímí-tììrúng","wickedness"
"Nóɔ̀dáá","Fowl male"
"léé","small"
"nɔ́dà-léé","A cockerel"
"Nóɔ́rè","Mouth"
"kpéɛ́né","hard"
"nɔ́↓-kpéɛ́né","Argumentative"
"Nû","Hand"
"dɛ́gérè","dirty"
"Nú-dɛ́gérè","Dirty hands"
"Nóɔ̀","Fowl"
"léé","small"
"nɔ̀-léé","A chick"
"Nú","Hand"
"láámá","idle"
"Nú-láámá","Idleness, laziness, boredom"
"kɔ̀kɔ̀láà","Cat"
"wéɛ́mɛ́","Bush/wild"
"kɔ̀kɔ́l-wéɛ́mɛ́","Wild cat"
"ko͂̀ɔ͂́","water"
"mááróng","cold"
"kɔ̀ng-mááróng","Cold water"
"ko͂̀ɔ͂́","water"
"míírûng","sour"
"kɔ̀ng-míírûng","Sour water, mostly used in preparing T.Z"
"ko͂̀ɔ͂́","water"
"zùlúng","deep"
"kɔ̀n-zùlúng","Deep water"
"kúrí","metal"
"zèɛ́","red"
"Kùrì-zèɛ́","Brass/copper (metal)"
"Mírì","rope"
"pèlàá","white"
"Mí-pélàá","White rope"
"Mírì","rope"
"zèɛ́","red"
"Mí-zèɛ́","Red rope"
"móɔ́","grass"
"máárà","fresh"
"mɔ̀máárà","Fresh grass"
"nááb↓ó","cow"
"léé","small"
"Náá-léé","Calf"
"Dagaare","Translation"
"nɛ́nè","meat"
"káráá","raw"
"nɛ́nkáráá","Raw meat"
"ngmáángà","monkey"
"zèɛ̀","red"
"Ngmàà-zèɛ̀","a type of monkey (tone change)"
"ngmánéé","dove"
"zèɛ́","red"
"Ngmǎn-zèɛ́","a type of dove (tone change)"
"pɔ́gé","woman"
"póɔ́","pregnant"
"pɔ̀g-póɔ́","Pregnant (tonal change)"
"Sã̀ã̀","father"
"bìlé","small"
"Sã̀ã̀-bílé","Paternal uncle"
"sáábó","Type of food"
"dógè","pot"
"Sàà-dógè","Cooking pot"
"sáábó","Type of food"
"tólóng","hot"
"sàà-tólóng","Hot T.Z (tone change)"
"téngɛ́","ground"
"tólóng","hot"
"Tén-tólóng","Hot ground/dry season"
"tɛ́né","soil"
"pèɛ̀lońg","whiteness"
"tɛ́m-pèlàá","ash"
"Bìé","Child"
"dɔ́ɔ́","man"
"Bɛ́ngɛ̀","Beans"
"dá↓á","stick"
"Báá","Dog"
"zẽ̀e͂́","blood"
"Bɛ́ngɛ̀","Beans"
"zɔ́ǹg","flour"
"Bóɔ́","Goat"
"dáá","male"
"Bóndìríì","Food"
"zíé","place"
"Bónè","Thing"
"nyáà","chest"
"Dã́ã̀","Drink"
"dìé","room"
"Dã́ã̀","Drink"
"dógè","pot"
"Dã́ã̀","Drink"
"nyúúrò","one who drinks"
"Dàá","Tree"
"pɛ́gé","peels"
"Dɔ́ɔ́","Man"
"dã́ã̀","drink"
"Dúórùng","Urine"
"láá","bowl"
"Góɔ̀","Thorn"
"tèɛ́","tree"
"Gánè","Book"
"bɔ̀ng","know"
"kõ̀ɔ̃́","Water"
"nóɔ́rè","mouth"
"Bì-dɔ́ɔ́","Son"
"Bɛ́n- dá↓á","Beanstalk"
"Bà-zẽ̀ẽ́","Blood of a dog"
"Bɛ́n-zɔ́ǹg","Beans flour"
"Bò-dáá","Male goat"
"Bóndì-zíé","Restaurant"
"Bón-nyáà","Chest of something"
"Dã́ã̀-dìé","Pito house"
"Dã́ã́-dógè","Pito pot"
"Dã́ã́-nyúúrò","An alcoholic"
"Dà-pɛ́gé","Bark of tree"
"Dɔ̀ɔ̀-dã́ã̀","A male child born on the day pito has been brewed in the house"
"Dúórùng-láá","A chamberpot"
"gɔ̂-tèɛ́","A tree with thorns"
"Gán-bɔ́gnɔ́","Literate"
"kɔ̀n-nóɔ́rè","Coastline, beach"
"dagaare","translation"
"Màléfà","Gun"
"nã̀ã́","Chief"
"Nímírì","Eye"
"Nóɔ̀","Fowl"
"Nû","Hand"
"Nû","Hand"
"Ngméǹ","God"
"tèɛ̀né","Chin"
"Nángè","Poverty"
"Nóɔ̀","Fowl"
"Nû","Hand"
"Sàkúúrì","School"
"Zû","Head"
"bírì","seed"
"bíé","child"
"láá","bowl"
"nɛ́nè","meat"
"pùòrí","back"
"póɔ́","stomach"
"dìé","house"
"kɔ́ɔ́lóng","hair"
"dááná","person"
"dáá","male"
"kúóngáá","dry"
"bìé","child"
"pílí","mat"
"Màléfà-bírì","bullet"
"Nà-bíé","A prince"
"Nímí-láá","Eye socket"
"nɔ́-nɛ́nè","chicken"
"Nú- pùòrí","Back of hand"
"Nú-póɔ́","Palm of hand"
"Ngmén-dìé","Church (tone change)"
"tẽ̀ɛ̀-kɔ́ɔ́lóng","beard"
"Nán-dááná","Poor person"
"nɔ́-dáá","A roaster"
"Nú-kúóngáá","Dry hand"
"Sàkú-bìé","Student"
"Zú-pílí","Hat (change in tone)"
"dagaare","translation"
"Màléfà","Gun"
"bírì","seed"
"Màléfà-bírì","Bullet"
"nã̀ã́","Chief"
"bíé","child"
"Nà-bíé","A prince"
"Nímírì","Eye"
"láá","bowl"
"Nímí-láá","Eye socket"
"Nóɔ̀","Fowl"
"nɛ́nè","meat"
"Nɔ́-nɛ́nè","Chicken"
"Nû","Hand"
"pùòrí","back"
"Nú-pùòrí","Back of hand"
"Nû","Hand"
"póɔ́","stomach"
"Nú-póɔ́","Palm of hand"
"Ngméǹ","God"
"dìé","house"
"Ngmén-dìé","Church (tone change)"
"tèɛ̀né","Chin"
"kɔ́ɔ́lóng","hair"
"Tẽ̀ɛ̀-kɔ́ɔ́lóng","Beard"
"Nángè","Poverty"
"dááná","person"
"Nán-dááná","Poor person"
"Nóɔ̀","Fowl"
"dáá","male"
"Nɔ́-dáá","A roaster"
"Nû","Hand"
"kúóngáá","dry"
"Nú-kúóngáá","Dry hand"
"Sàkúúrì","School"
"bìé","child"
"Sàkú-bìé","Student"
"Zû","Head"
"pílí","mat"
"Zú-pílí","Hat (change in tone)"
"Nímírì","Eye"
"kyááné","mirrors"
"Nímí-kyááné","spectacles"
"Kúrí","Metal"
"wìrí","horse"
"Kúrí-wìrí","Bicycle"
"kálì","dawadawa"
"bírì","seed"
"Kál-bírì","Dawadawa seed"
"kámááné","Corn"
"bírì","seed"
"Kámáá-bírì","Corn seed"
"kámááné","Corn"
"dàá","Stick/stalk"
"Kámáá-dàá","Corn stalk"
"Kùòrí","Funeral"
"Mààlè","Make/perform"
"Kò-mààlè","Funeral rights"
"Kùòrí","Funeral"
"mááróng","Fresh"
"Kò-mááróng","Funeral where the corpse isn’t buried yet"
"Kùòrí","Funeral"
"Tólóng","hot"
"Kò-tólóng","Early part of mourning at a funeral"
"kɔ̀kɔ́rè","Throat"
"lɛ̀ré","bead"
"Kɔ̀kɔ́-lɛ̀ré","Necklace"
"kɔ̀kɔ̀láà","Cat"
"wóɔ́","bag"
"Kɔ̀kɔ̌l-wóɔ́","Bag made from cat hide"
"ko͂̀ɔ͂́","water"
"dógè","pot"
"Kɔ̌n-dógè","Water pot"
"ko͂̀ɔ͂́","water"
"zíé","place"
"Kɔ̌ndú-gzíé","Swimming pool"
"ko͂̀ɔ͂́","water"
"náng","Scarcity/poverty"
"Kɔ́n-náng","Water scarcity"
"ko͂̀ɔ͂́","water"
"nóɔ́ré","mouth"
"Kɔ̀n-nóɔ́ré","Beach/river bank"
"ko͂̀ɔ͂́","water"
"nyúúrì","Drinking(N)"
"Kɔ́n-nyúúrì","Drinking water"
"Kùòrí","metal"
"dàá","stick"
"Kùrì-dàá","Iron bar"
"kúsírì","stone"
"bírì","seed"
"Kúsí-bírì","Pebble"
"kṹṹ","corpse"
"bògí","hole"
"Kṹṹ-bògí","Grave"
"kpéɛ́ó","living"
"zíé","place"
"Kpɛ̀-zíé","Place of abode (tone change)"
"Lìbírì","money"
"bìngzíé","Keeping place"
"Lìbí-bìngzíé","Bank"
"Lìbírì","money"
"bùgó","granary"
"Lìbí-bùgó","A money safe"
dagaare,translation
Lìbírì,money
dááná,owner
Lìbí-dááná,A rich person
Lìbírì,money
zɔ́ng,flour
Lìbí-zɔ́ng,Gold dust
Máné,rubber
tèɛ́,tree
Mǎn-tèɛ́,Rubber tree (plant)(tone change)
móɔ́,grass
náábó,cow
mɔ̀-náábó,Bush cow
móɔ́,grass
néɛ̀,person
mɔ̀-néɛ́,Bush person
bíní,dung
Náá-bíní,Cow dung
gánè,hide
Náá-gánè,Cowhide
nyánggáà,female
Náá-nyánggáà,cow
nɛ́nè,meat
Náá-nɛ́nè,Beef/cow meat
náásáálá,White-person
téngɛ́,land
nààsààl-téngɛ́,abroad
Nàà,Chief
yírì,house
Nàà-yírì,palace
dagaare,translation
zàgé,pen
Náá-zàgé,Cattle pen
Nã̀ã́,chief
kógí,chair
Nà-kógí,Throne 
náásáálá,White-person
kúúrì,hoe
nàsà-kúúrí,plough
nɛ́nè,meat
kã́ã̀,Oil/fat
nɛ́ng-kã́ã̀,Fatty meat
nɛ́nè,meat
kóɔ́rɔ́,seller
nɛ́ng-kóórɔ́,butcher
nímírì,eye
bírì,seed
Nímí-bírì,Pupil of eye
nímírì,eye
gánè,skin
Nímí-gánè,eyelid
nímírì,eye
kɔ́ɔ́lóng,hair
Nímí-kɔ́ɔ́lóng,eyelash
Ngmáràá,moon
bírì,seed
Ngmáré-bírì,star
póɔ́,stomach
yíráá,removal
pò-yíráá,miscarriage
dagaare,translation
pɔ́gé,woman
dɛ́rɛ́,One who takes
pɔ̀gè-dérɛ́,Bride-groom
pɔ́gé,woman
dɔ̀gèrɔ́,One who has given birth
pɔ̀gè-dɔ̀gèrɔ́,A woman who has just given birth
sàà,rain
bírì,seed
Sà-bírì,Rain drop
sálémá,gold
bógì,hole
Sàlèng-bògí,goldmine
sálémá,gold
dógé,pot
Sàlèng-dògè,Traditional treasury
sálémá,gold
kúúrí,stone
Sàlèng-kúúrí,pearl
sánè,debt
dááná,owner
Sán-dááná,creditor
sánè,debt
díré,One who takes
Sán-díré,debtor
sébírì,bee
bògí,hole
Sé-bògí,beehive
séérè,honey
núúléé,bird
Sé-núúléé,Honey bird (type of bird)
sɛ́gé,writing
bírì,seed
sɛ́gé-bírì,alphabet
tẽ̀e͂́,medicine
kõ̀ɔ͂́,water
tẽ̀e͂́kõ̀ɔ͂́,Liquid medicine
tɔ̀bɔ̀,tobacco
váà,leaf
tɔ̀ɔ̀-váà,Tobacco leaf
tɔ̀bɔ̀,tobacco
zɔ̀ng,flour
tɔ̀ɔ̀-zɔ̀ng,powedered tobacco
Wìrí,horse
kógí,chair
Wìrì-kógí,Horse saddle
Wìrí,horse
zóóré,tail
Wìrì-zóóré,Horsetail
dagaare,translation
Bóndìríì,Food
sã̀ã̀,waste
Bóndì-sã̀ã̀,Food wastage
Bóndìríì,Food
máálì,make
Bóndí-máál,The act of cooking
Nímírì,Eye
yúò,open
Nímí-yúò,smartness
ko͂̀ɔ͂́,water
sã̀ã̀,waste
kɔ̀n-sã̀ã̀,Water wastage
Lìbírì,money
bɔ́,Search/look
Líbí-bɔ́,Quest for money
Lìbírì,money
dì,Spend/eat
Líbí-dì,act of spending money
nɛ́nè,meat
kúóngáá,dry
nɛng-kúóngáá,Smoked meat
pɔ́gé,woman
dê,take
pɔ̀gè-dê,Marriage(change in tone)
sánè,debt
yɔ́ɔ́,pay
sán-yɔ́ɔ,salary
"fò ángsómá","Good afternoon"
"fò gááó bé sóng?","has the sun reached you?"
"O béé sóng","Yes, the sun has reached me"
"N kͻ́ͻ́ré là fó nyááó fò yiri bé lá sóng?","Where are you going to? Are you traveling?"
"O bèlá sóng","Yes, I am traveling"
"Yèng lá ká fó wà tàllà gέrέ?","Will you return today?"
"N gέrέ lá ká ń kpáárè kpòló","No, I will return tomorrow"
"N mèǹg gέrέ lá kóláá","Safe journey"
"Fò ngménáá","Thank you"
"dagaare","translation"
"Fò zìmááné","Good evening"
"Zì̀é máángέέ","Good evening"
"Yéng lá ká fó yí wààná?","Where are you coming from?"
"Ánkáráá lá ká ñ yí wààná","I am coming from Accra"
"Fò sórì?","How was the journey?"
"Ò bé lá sóng","Fine"
"Yèng lá ká fó dé́ὲ wà tàllà gborͻ̀gborͻ̀ lέ gέrέ?","Where are you rushing to?"
"Ǹ wà gέrέ ka N de lͻ̀ͻ̀rè àgàà Wà","I am on my way to catch a bus for Wa."
"Fò ná kyéng sóng. Kyέ fó tͻ̀ͻ̀ wà kͻ̀ͻ̀rͻ̀","Safe journey. But please do not keep long."
"Tόὸ, bárká, kyέ Ǹ kòng kͻ̀ͻ̀ré. Tέέè léé kàngá lá ká N gὲrέká Ñ tè è","O.k. thanks, I will not keep long. I am only going to sit for a ‘small exam’ {In some cases Dagaaba play down on the exigency of the situation}"
"Ngméǹ nà sóng","May God bless [Good luck]"
"Tόὸ, púóràá bé bè lá.","O.k. thanks."
"Dagaare","English"
"Dɛ̀rpɔ́gé, ká yɛ̀ wólóngwólóng wɛ́?","How is the difficult moment?"
"wólóngwólóng lá, kà yɛ̀ mèng béɛ́róó?","It is indeed difficult, and follow-up?"
"À béé sóng. Kyɛ́ ká fò nyɔ́gé fó mèngɛ́: à wáá túó kyɛ́ tè bá sò á fángá.","It is fine. But pull yourself together: it is bitter but it is beyond us."
"Tɔ̀ɔ̀. Bàrká","Alright. Thank you"
"Áyór, ká à bá vòbá bé sóng?","(upon returning from a funeral), how are the living?"
"Bá bèé sóng.","They are fine."
"N dɔ́ɔ́ Zìémá, nè fò gɔ́mbéráá wɛ́?","My friend Ziema, how be the sleeplessness?"
"Hmm, gɔ́mbéráá là. Ká á yìdèmé bé sóng?","It’s indeed sleeplessness. How is the family?"
"Bá béé sóng. Ngmén ná pààlè fò lààféɛ́.","They are fine. May God grant you healing."
"Kà á è lɛ́.","May it be so."
"Bàgbɛ́rè, nè fò zúnúò!","Happy fortune!"
"Zúnúò là, n yɔ́ɔ́. Kà á bíírí wááɛ̀ mááróng?","It’s indeed a fortune. How’re the children?"
"Bà wááɛ̀ mááróng. Kà á bíé bàà sóng á wá fáá té.","They’re fine. May the child grow well and save us."
"Àméénà","Amen"
"Oo, nénséɛ̀ béé nénsààlá?","Oo, a ghost or a human?"
"Màà nàà sòòrɔ́ fò béé?","I should rather be asking you so or?"
"Té sáng wɛ̀!","Long time!"
"Sáng lá. Fò mɔ̀ɔ̀ àgé yí là à té Gááná ngá póɔ́ béé?","It’s really been long. Have you flown outside this our Ghana?"
"Yèng páng! Té zà̀a bè á kyɛ́ òò n dɔ́ɔ́.","For where! We are all here oo my friend."
"Ká lɛ̀ fò sèrèng bàng là kpéɛ̀bó.","Then, you have mastered how to stay here."
"Àná bérááyí bà séɛ̀ lɔ́gɔ́ yíèé?","Well os being missed not better than being fed up with?"
"Ànèng séɛ̀ éng. (Lá ká à dó (lkd) )","That’s better really better. (Laugh out loud (lol) )"
"Tèntͻ́ráá gbèlèng yénì","1 a.m."
"Tèntͻ́ráá gbèllááyì","2 a.m."
"Tèntͻ́ráá gbèlláátà","3 a.m."
"bágúó gbèlláánáárè","4 a.m."
"bágúó gbèlláánúú","5 a.m."
"bágúó gbèllááyòͻ̀ó","6 a.m."
"bágúó gbèllááyͻ̀pòì","7 a.m."
"bágúó gbèllááníì","8 a.m."
"bágúó gbèllááwáé","9 a.m."
"ngménáá gbèlèngpíé","10 a.m."
"ngménáá gbèlèngpíé né yénì","11 a.m."
"ngménáá gbèlèngpíé né áyì","12 noon"
"ngménáá gbèlèng yénì","1 p.m."
"ngménáá gbèlláàyì","2 p.m."
"ngménáá gbèlláàtà","3 p.m."
"zìmááné gbèlláànáárè","4 p.m."
"zìmááné gbèlláànúú","5 p.m."
"zìmááné gbèlláàyòͻ̀ó","6 p.m."
"zìmááné gbèlláàyͻ̀pòì","7 p.m."
"zìmááné gbèlláàníì","8 p.m."
"zìmááné gbèlláàwáé","9 p.m."
"Tèntͻ́ráá gbelengpie","10 p.m."
"Tèntͻ́ráá gbèlèngpíé né yénì","11 p.m."
"Tèntͻ́ráá gbèlèngpíé né áyì","12 midnight"
"Tè máng gáá lá tómá bàgùó gbèlláàyͻ̀pòí pàr mítì lìzárè né píè","We go to work at 7.30 a.m."
"Tè máng írí lá tómá zù Zìmáánè gbèlláánáárè ngmàà mítì píé","We close from work at 10 minutes to 4 p.m."
"À ngmέ lá gbèlláánáárè pàr mítì píé","It’s 10 minutes after 4"
"Kà ánáng wà ngmὲ gbèláànúú ngmàà mítì píé né ànúú séng má","When it is quarter to five, wake me up."
"Sóndéè/Kó̀séέráá","Sunday"
"Móndéè/ Gyóͻ́ráá","Monday"
"Tíísídéè/Bénέráá","Tuesday"
"Wálánsèdéè/Kúóráá","Wednesday"
"Táásèdéè/Yͻ́wááráá","Thursday"
"Fèráádéè/Féέráá","Friday"
"Sátádéè/Méménáá","Saturday"
"Gyέnóͻ́rè","January"
"Fábòͻ̀rè","February"
"Máákyè","March"
"Épèrè","April"
"Méè","May"
"Gyúúǹi","June"
"Gyòlááè","July"
"Ágòs","August"
"Sὲbtémbà","September"
"Otóóbà","October"
"Nòvémbà","November"
"Dìsémbà/Búrnyὲ kyúù","December / Christmas month"
"Séέ sáǹg","Wet season"
"Uóní","Dry season"
"ͻ́ͻ́rè","Cold"
"Tólóng","Heat, warmth"
"ͻ́ͻ́rè èrέ má lá.","I am feeling cold"
"Tòlóng èrέ má lá.","I am feeling hot/warm"
"Séέkpὲὲ lá","It's in the wet/rainy season"
"Uóní yíé lá","It is in the dry season"
"Tèntͻ́ráá","Night time"
"Ngménáá","Day time/afternoon"
"Bágúó","Morning"
"Zìmááné","Evening"
"Zìʋέlmέ","Dawn"
"Ngméntàntúó","Noon, hot afternoon"
"Tèntͻ̀rbéénéé","Midnight"
"Sàs̀ὲ fúúró lá","The wind is blowing /it is windy"
"Sáá mííré lá","It is raining"
"Wárè","Drought"
"Mèɛ̀lóng","Dew"
"Sásèɛ́ sángá","Harmattan"
"Dòlòńg sέng","Right hand side"
"Gͻ̀ͻ́ sέng","Left hand side"
"Pùòrí sέng","Behind"
"Nímísógͻ́","In front"
"Dáá dáá","Straight ahead"
"Tèὲ páré","Under the tree"
"Tángá zú","On top of the mountain"
"Tángá séέ","By the mountain"
"Sàpáré sέng","Towards east"
"Lòòrí sέng","Towards west"
"Ngmáà","Turn"
"Tú","Pass"
"Bárè","Ignore"
"Kyáárè","Face/facing"
"Pore","Pour"
"Ɔng","Fetch"
"Dɔɔng","Stir/mix"
"Kyee","Fry"
"Sɛ","Roast"
"Waale","Steam"
"Duge","Boil"
"Tole","Heat/warm"
"Ngma","Chop"
"Ngmaa","Cut"
"Leɛre","Turn over"
"Uuri","Steam, just vapour"
"Dugle","Put on fire"
"Togi","Take off from fire"
"Pɔge","Cover"
"Yuo","Uncover"
"Maa","Cool down"
"Tage","Thick"
"Koɔ","Watery"
"Eng","Put/add"
"Kpaara","Boiling"
"Saan","Mash"
"Ɛre","Blend/grind"
"Kyoɔre","Sieve"
"Wɛle","Separate"
"Be/beɛɛ/beɛ","Cooked/ready/getting ready"
"Tɔ","Pound"
"Zɛ","Sieve"
"Yeɛle","Winow"
"Pɛle/pere","Peel/dehusk"
"Beɛre","Slice"
"bóndìréé","Food"
"sèngkááfá/mui","rice"
"Dáà","Drink"
"séngkáà","ground nuts / peanuts"
"dáázèέ / pìtó","locally brewed beer"
"Séngkáázὲèré","ground nut soup"
"Kámáánà","Corn"
"símíé","bambara beans"
"Kyí","Grain"
"Sέrmááné","pepper"
"kóóséé/ sénsέ","Cakes"
"yààròng","salt"
"Kòͻ́́","Water"
"Zéὲ","millet"
"sáálóng","Okro"
"Z̀ὲeré","soup"
"sáálong zèὲré","okro soup"
"zὲváárè","green leaves soup (vegetable soup)"
"sááó / áábó","typical Dagaare staple food made of (millet) flour"
"Nyaga","intestines"
"Sukyiri/gbogri","heart"
"Sɔɔree","liver"
"Kpegre","gizzard"
"Seɛ","waist"
"Nubi-eɛnee/eɛmɛ","fingernail(s)"
"Gbebi-eɛnee/eɛmɛ","toenail(s)"
"Bere/Berɛ","breast(s)"
"Nyaa","chest"
"gyiile","tendons"
"Ziiwoore","veins"
"Kɔbɔ","bones"
"Engane","skin"
"Enɛne","flesh"
"Nyɛbie","ribs"
"Baalugo","armpit"
"Nimigyɛle","eyeball"
"Zele","tongue"
"Nɔgbɛmɛ","lips"
"Nyimɛ","teeth"
"Nimikɔɔlong","eyelashes"
"Tamanyinɛ","gum"
"Nubie","fingers"
"Paresɛgɛ","buttocks"
"Posogekɔɔree/posogedaa","spinal cord/spine"
"Yaga","cheeks"
"Yagkɔɔre/yagkɔbɔ","jaw(s)"
"Teɛne","chin"
"Kyel/hɔgpɛngpɛlɛng","spleen"
"Falenfoogo","lungs"
"Kalenkaa","gall bladder"
"Kɔkɔyoraa","wind pipe"
"Begɛ/begre","wing(s)"
"dáà","drink / alcohol"
"daapge","pito brewer / seller"
"dáá (zèέ) / pítõ","locally brewed drink"
"dáányúúríbó","alcohol drinkers (customers)"
"Dáádógè","pot of pito"
"dáángmáné","calabash (of pito)"
"sórì","road, journey"
"Tátángέ","reach a destination"
"yísórì","go on a journey"
"dé lͻ́ͻ́rè","go by car / lorry"
"Kyέng sóng","Safe journey!"
"Kpὲ àlóópèléè","go by car"
"Tè bé lá pùòrí","See you later!"
"Zͻ̀ͻ̀ sákèrè kyέng gbέὲ","Walk"
"zèέ","red"
"sͻ́gláá","black"
"dòͻ̀ré","yellow"
"pélàá","white"
"úlí","grey"
"tevaa","green"
"tépúrmó/tepuuri","flowers"
"móɔ́","grass / bush"
"wèέ","farm"
"tèέ","tree"
"Tángáá","shea tree"
"gòngó","cotton tree"
"váárè","leaves"
"gáà","ebony tree"
"móngó","mango tree"
"dòͻ́","dawadawa tree"
"ángsígnéé","(kind of) berry"
"kyèràá","akearrle tree"
"tɛne","soil"
"biiree","sand"
"yagraa","clay"
"séέré","dance (n.)"
"sèὲ","to dance"
"yíélúng","song"
"Yíélì","to sing"
"ànléé","women dance"
"báwáá","a kind of dance"
"à sèὲ báwáá","to dance"
"à ngmὲ gàngàá","to beat / play the drum"
"à yíélì yíélúng","to sing a song"
"gàngàá","drum"
"Bá yáá wáέ lá yéé","They have come again"
"Bá yaá waé lá yeé","They have come again"
"Bòwáálέέ yáá wáέ lá yeé","Bowaalee have come again"
"À yaá waé né pͻ́lóó","Coming again with pride"
"Pààwélέέ yáá wáέ lá yéé","Paawelee have come again"
"Màrtéénέέ yáá wáέ lá yéé","Mareteenee have come again"
"Màrwárέέ y!áá wáέ lá yéé","Marwaree have come again"
"A yáá wáέ né pͻ́lóó","Coming again with pride"
"Ándónέέ yέ nòòrͻ́","People of the world tread carefully"
"Kúú bé pùórí yàa tè wááná","Death is imminent"
"Kònóó wááná yéé","Come along and mourn!"
"Fò náng wá táá sáá né má","Though parents you no longer have"
"Kyͻ́ méng Kònóó wááná lέ","You may also still come along to mourn with the others"
"Bèkpéé wá táá sáá né má","Though orphan as you are - no longer having parents"
"Hííné wááná yéé","Come along and wail!"
"Fó náng wá táá sáá né má","Though parents you no longer have"
"Kyͻ́ méng Hííné wááná lέ","You may also still come along to mourn with the others"
"ngmàà-dà-kóré bá yínn-é tèὲ dúó-ù","An old monkey never forgets how to climb trees."
"tá tá má séέ lá bàrè má ǹ nú","Don't get near me is better than leave my hand. (ENG: Prevention is better than cure.)"
"tágè ka ń tágè lá kyèὲ-né ngmáné","If we fight over a useful thing we may both lose it."
"bì-bil-tòng –zágr-á bá dì-ré bón-káà","A child who refuses to go on errands does not get the opportunity to eat juicy things."
"báá-ré áyì sóͻ́ngáá bá bͻ̀-rͻ́","When two dogs chase a rabbit, it hardly escapes. (ENG: Two heads are better than one: reference to the virtues of teamwork.)"
"wá-bͻ́ng-nͻ́ lá tèὲ-rέ kùrí","It is only a novice hunter who shoots at the tortoise."
"bà bá pùg-ró bà-zò-ráà ò nìgé sog̀ͻ́","You do not praise a fast dog in its presence."
"Zú –ngmáá-rá lá zò-roæ sòɔ́","The executioner fears the knife."
"Sááná lá pùò-ró wòngó","It is only a stranger who greets the deaf."
"Nímí-è áyì áyì bá mùùl-ó tókókyiìlé","You do not use two eyes to look into a baobab fruit (like a bottle)."
òό,Yes
àí,No
bárká,Thank you
bárká yágà,Thank you very much
fò sórì yááná. /bárká kyé bé,You're welcome
nàng,Please
gááfárà,Excuse me / Sorry
fò bé sóǹg?,Hello
kyέng sóng,Goodbye
tè bé lá pùòrí.,So long
fò/yὲ ángsómá,Good morning
fò/yὲ ngménáá,Good afternoon
fò/yὲ zìmááné,Good evening
gáǹg sòńg,Good night
ǹ báwòng àpáré/ ǹ bà bàng á múní,I do not understand
wólɔ̀ kà ińglísì dèmé máng yèlì à lὲ?,How do you say this in English?
fò wònό lá ----,Do you speak ...
Ińglísì/bͻ̀rfͻ́/nàsààréǹg,English
Fàránsè,French
Gyέέmàà,German
Sìpáánísí,Spanish
Kyáánádémé kͻ̃kͻ́rè,Chinese
ǹ,I
tè,We
fò,You (singular, familiar)
fò,You (singular, formal)
yὲ,You (plural)
bà,They
fòyúórì lá bóng?,What is your name?
n ̀póͻ́ pὲlὲὲ làné ǹ nàńg nyέ fò.,Nice to meet you.
fò bèsóǹg?,How are you?
ǹ bẽ lá sõng,Good /I am fine
à bá sòmͻ́,Bad / Not so fine
lέ mìné lá́/ǹ kyàglὲὲ,So so
pɔ́gɔ́,Wife
sérέ,Husband
pͻ̀gyáá /bìpͻ́gͻ́,Daughter
bìdͻ́ͻ́,Son
mã,Mother
sàá,Father
zͻ̀mèngá/bákóré/kyὲnέ,Friend
yèng lá à kõnsòdì̀ebé?,Where is the bathroom?
tógítógí,zero
bóngyénì / yèntì,one
áyì / yìì,two
àtà / tàà,three
ànáárè / náárè,four
ànúú / núú,five
àyòͻ̀ó / yͻ̀ͻ̀,six
àyͻ̀póì / pόì,seven
àníì / níì,eight
àwáé / wáé,nine
píé,ten
píé né yénì,eleven
píé né Áyì,twelve
píé né Átà,thirteen
píé né Ànáárè,fourteen
píé né Ànúú,fifteen
píé né Àyòͻ̀ó,sixteen
píé né Àyͻ̀póì,seventeen
píé né Àníì,eighteen
píé né Àwáé,nineteen
lèzárè,twenty
lèzárè né yénì,twenty one
lèzárè né píé,thirty
lèzááyì,forty
lèzááyì né píé,fifty
lèzáátà,sixty
lèzáátà né píé,seventy
lèzáànáárè,eighty
lèzáánáárè né píé,ninety
kͻ̀ͻ́,one hundred
tũr,one thousand
tũr tũr,one million
tũr tũr tũr(bũr),one billion
Bóndà / bóndì:,Shopping/Dining
àwólá lá à bon nyε,How much does this cost?
bòng lá nyέ?,What is this?
ǹ nà dá ó lá,I'll buy it.
ǹ bóͻ́rͻ́ lá ká ń dà ……,I would like to buy …
fò táá lá …,Do you have ...
fò nàńg dé lá líbíèkár̀tààré béé?,Do you accept credit cards?
tè yùòè lá,Open
te pͻ̀gὲὲ lá,Closed
Pùòráákártàá,Postcard
Támpè,Stamps
béláá / fíí,A little
Yágà,A lot
à zàá,All
bágúódííú,Breakfast
ngménáádííú,Lunch
zí̀máánédííú,Dinner
kòngͻ́ͻ́nέnèsòbá / bónváàryòńgdíráá,Vegetarian
dííúlóngkóróò,Kosher
yέ nyͻ́gé ngmámá!,Cheers!
nàng tàá à lìbìyͻ́ͻ́kàrtàá wà né,Please bring the bill.
bòròbòrò,Bread
bóndìkòͻ́ / búúlúńg,Beverage
kͻ̀fì,Coffee
tíì,Tea
bónkòͻ́ / tèwͻ́mͻ̀kòͻ́,Juice
kòͻ́,Water
béὲ,Beer
vínóó,Wine
dáà,Alchohol
yààròńg / nyààròńg,Salt
sέrέmáánéé,Pepper
nέnè,Meat
náánέnè,Beef
põrknέnè,Pork
zómͻ̀,Fish
nͻ́ńεnè,Poultry
zèváárè,Vegetable
tèwͻ́mͻ̀,Fruit
nànyùùrí / nànyíè,Potato
vákãrè,Salad
nͻ́mέlέ,Dessert
áísíkríìm,Ice cream
Sóbítù:,Travel
yèńg sέng lá ká … bẽ?,Where is ...?
à lͻ́ͻ́rélìbírí é lá àwólà?,How much is the fare?
tígítĩ,Ticket
yέ nàng ngmàà tígítì yènì kò má,"One ticket to ... please".
yèng lá ká fó gὲrέ?,Where are you going?
yèng ká fò kpèὲrέ,Where do you live?
kátákyè,Train
bóͻ́sò,Bus
té́ngέpúlísóbírí / bògìkátákyè,Subway
àlóópèlééáróózié,Airport
kátákyéáróózíé,Train station
bóͻ́sòáróózíé,Bus station
téngέpúlísóbíríáróózié,Subway station
gááó,Departure
wááó,Arrival
lͻ́ͻ́réhááózíé,Car rental agency
lͻ́ͻ́rémààlèbíngóózíé,Parking
téέgbέréyírì̃,Hotel
dìè,Room
yúóríngmáábíngsέrέ,Reservation
yúóríngmááó,Registration
gááózíé bébé lá à zĩmààné nyɛ̂,Are there any vacancies for tonight?
vùó kyébé / gááózíé kyẽbé,No vacancies
sórítúúgán / páásépͻ́ͻ́tò,Passport
Zɪ̂é wulúú:,Directions:
gͻ̀ͻ́,Left
dòlòńg,Right
lèὲ fò dùlòńg séng ná,Turn right
dáádáá,Straight
gε̃rε̃ dáádáá,Go straight
zúsógͻ́,Up
dó à zúsógͻ́,Go up
párésέng,Down
sígí pãrésέng ná,Go down
tͻ́ͻ́rè,Far
à zíé é lá tͻ́ͻ́ré béé,Is the place far?
àí ò bá é tͻ̀ͻ̀ré,No, it is not far.
yέngέng / péέlé,Near
à zíé péέlé lá kyε̃ béé,Is the place near here?
"òó, ò péέlé lá kyε̃","Yes, it is near here"
wógì,Long
ngmàà,Short
téngáwúlúúgáǹ / mápè,Map
yͻ́rébͻ́ yèlìwùlì,Tourist Information
gámápórróózíé,Post office
bóngkórͻ́bíngzíé,Museum
líbìbìngzíé,Bank
lìbíébùgó,Safe
pòrísírítíísàńg,Police station
bààlbáyírí / dõktàyírĩ,Hospital
tììkòͻ́róózíé,Pharmacy
nàngkòͻ̀rdíé,Store
bòndìríízíé,Restaurant
sàkúúrì,School
ngmèndíé,Church
bángyéráá,Restrooms
tégέpóͻ́sórí,Street
lòmbóéánáárézíé,Square
tángá,Mountain
kúnkúnéé,Hill
bàfóͻ́láá,Valley
pòò,Ocean
bàvílmé,Lake
bàá / kúláá,River
kòndúùvíé,Swimming Pool
yíwógì / sóngkóngsó,Tower
tàkòríkò,Bridge
à tέm̀ ngmέ lá àwólà?,What is the time?
bágúó gbélláápòĩ pãre mítì píé né átà,7:13 a.m.
zìmááné gbélláápòĩ pãre mítì píé né átà,7:13 p.m.
tèntͻ́ráá gbélláátà pãre mítì píé né ánúú,3:15 a.m.
ngménáá gbélláátà pãre mítì píé né ánúú,3:15 p.m.
bágúó gbélléng píé né yénì pàr mítì lèzárè né píé,11:30
bágúó gbélléng píé né yénì né kyáílléé,11:30
gbèllèng yénì pàr mítì lèzááyì né ὲnúú,1:45
gbèllááyì ngmàà mítì píé né ànúú,1:45
bèbírí,Day
dàá,Week
kyúù,Month
yùòní,Year
Móndéè / Gyóͻ́ráá,Monday
Tíísídéè / bénέráá,Tuesday
Wálánsédéè / kúóráá,Wednesday
Tͻ́ͻ́sèdéè / Yͻ́wááráá,Thursday
Fèráádéè / féέráá,Friday
Sátádéè / méménáá,Saturday
Sóndéè / kóséέráá,Sunday
Gyέnòͻ̀rè / kyúúdèngdέǹgsòbͻ́,January
Fàbòͻ̀rè / kyúúrááyisòbͻ́,February
Máákyè / kyúúráátàsòbͻ́,March
Épèrè / kyúúráánáárèsòbͻ́,April
Méè / kyúúráánúúsòbͻ́,May
Gyúúnì / kyúúrááyòͻ̀ósòbͻ́,June
Gyòlááè / kyúúrááyͻ̀pòìsòbͻ́,July
Ágͻ̀s / kyúúráánéèsòbͻ́,August
Sὲbtémbà / kyúúrááwáésòbͻ́,September
Otóóbà / kyúúrpíésòbͻ́,October
Nòvémbà / kyúúrpíénéyénìsòbͻ́,November
Dìzémbà / kyúúrpíénááyìsòbͻ́,December
váárébóróósángà,Spring
tólóngsángà,Summer
váárésúóróóság̀a,Fall
ͻ́ͻ́résángà,Winter
zénὲ,Today
zààméè / hááméè,Yesterday
bíéú,Tomorrow
zénέ lá bóng?,What's today?
zénέ (ê) lá Tíísídéè,Today is Tuesday.
zààméǹg dà (ê) lá Móńdéè.,Yesterday was Monday.
bíéú nà (ê) lá Tͻ́ͻ́sèdéè,Tomorrow will be Thursday.
dͻ́góódááré / dͻ́goobebiri,Birthday
né fò dͻ́góó dááré yáánè,Happy Birthday!
Yuori,Pot
Laa/talaa/laalee,Bowl
Ngmane/ngmanlee,Calabash
Suree,Ladle
Vuuri,Wooden spatula/paddle
Bonganaa/sɛng,"Mattress, bed, mat"
Kyaanaa,Mirror
Pɛrɛte,Plate
Dansane,Iron pot
Tere/kyokoli,Spoon
Kogi/dakogi/dakyage,Stool/chair
Tabul,Table
Daga,Box
Sikiri,Sugar
Seere,Honey
Zeɛn,Salt-petre
Vuu,Fire
Soɔ,Knife
Tammo,Bow
Malfa,Gun
Kuuri,Hoe
Tangara,Phone
Pane/Dendɔri,Door
Takoro,Window
Peɛzu,Rooftop
Dankyini,Wall
Tengɛ,Floor
Taaboore/daare,Wood
Konsodie,Bathroom
Korodie,Kitchen
Diganaa,Bedroom/chamber
Kyaaraa,Hall
Davoro,Yard





